NULL,2673
0,2
3,2
6,1
11,3
15,1
2001,3438
2002,15367
2003,4670
2004,3015
2005,4589
2006,3366
2007,2160
2008,7709
2009,7329
2010,1167
2011,1387
2012,1580
2013,1881
2014,3481
2015,212294
2016,262111
2017,202038
2018,6651
2019,167181
2020,114254
1098141,1
1100658,3
1103922,1
1105943,1
1106400,1
1107470,1
1116901,2
1116984,1
1116985,1
1117734,1
1117803,1
1118085,10
1118471,1
1118477,1
1119022,1
1120086,1
1120421,2
1121066,1
1121401,6
1121447,1
1122373,1
1124166,1
1124309,1
1124454,1
1124686,1
1124806,1
1125218,2
1125284,3
1125425,1
1125477,1
1125480,1
1125516,2
1125731,1
1125765,1
1125809,27
1125810,1
1126018,1
1126019,7
1126024,1
1126232,1
1126256,7
1126389,1
1126461,1
1126847,1
1127353,1
1127364,3
1127365,1
1127392,8
1127656,1
1127667,1
1127764,1
1127853,1
1127914,1
1127987,1
1128116,1
1128168,1
1128280,1
1128301,1
1128305,1
1128492,1
1128677,1
1128775,1
1128939,1
1129028,7
1129158,2
1129225,1
1129298,1
1129484,1
1129583,1
1129719,7
1129796,17
1129829,1
1129851,1
1129854,1
1129907,2
1129914,1
1129968,1
1130066,1
1130076,2
1130117,1
1130264,6
1130265,1
1130294,12
1130377,1
1130473,1
1130520,1
1130585,1
1130600,12
1130603,1
1130886,1
1130901,1
1131031,1
1131083,1
1131102,1
1131148,1
1131172,1
1131197,17
1131205,1
1131341,1
1131407,2
1131510,3
1131521,1
1131529,1
1131583,141
1131656,1
1131763,1
1131829,2
1131955,9
1132103,2
1132128,1
1132192,2
1132197,1
1132289,1
1132420,1
1132508,1
1132750,4
1132814,1
1132905,19
1132935,1
1132950,1
1132953,2
1132971,2
1133031,1
1133127,5
1133240,1
1133286,1
1133335,1
1133433,1
1133440,2
1133512,1
1133562,1
1133689,1
1133774,12
1133853,1
1133880,99
1133897,1
1133902,1
1134085,26
1134109,1
1134119,1
1134125,1
1134206,1
1134218,1
1134229,1
1134238,1
1134240,1
1134241,26
1134325,1
1134434,1
1134458,1
1134620,1
1134633,1
1134661,1
1134677,3
1134678,2
1134772,1
1134833,1
1134900,6
1135074,2
1135086,1
1135098,1
1135110,135
1135112,1
1135161,3
1135224,1
1135235,1
1135285,1
1135351,1
1135355,3
1135383,1
1135419,1
1135450,5
1135476,1
1135479,1
1135551,1
1135552,27
1135555,1
1135593,2
1135721,1
1135778,34
1135817,1
1135825,1
1135882,3
1135902,1
1135967,1
1136012,1
1136045,2
1136071,2
1136097,1
1136098,7
1136123,1
1136128,8
1136139,1
1136146,1
1136171,2
1136264,1
1136278,1
1136356,1
1136403,1
1136406,12
1136461,1
1136510,1
1136533,1
1136568,1
1136573,1
1136612,1
1136624,1
1136672,1
1136687,1
1136695,1
1136714,1
1136830,14
1136850,1
1136908,2
1136920,2
1136938,1
1136944,1
1136979,1
1137062,1
1137102,1
1137161,1
1137170,1
1137212,1
1137257,1
1137313,1
1137425,1
1137454,1
1137457,1
1137510,8
1137511,1
1137518,11
1137538,16
1137607,1
1137641,6
1137643,1
1137693,2
1137699,1
1137717,1
1137757,14
1137760,1
1137768,1
1137793,1
1137842,1
1137935,1
1137971,1
1138058,1
1138083,1
1138101,1
1138111,1
1138129,1
1138142,1
1138146,1
1138158,1
1138160,1
1138221,1
1138238,37
1138296,1
1138330,1
1138340,1
1138403,2
1138405,1
1138406,64
1138434,1
1138467,1
1138505,1
1138512,1
1138518,7
1138531,1
1138552,41
1138565,1
1138575,1
1138589,1
1138593,2
1138620,1
1138636,61
1138645,1
1138681,14
1138725,1
1138757,1
1138815,1
1138819,1
1138827,1
1138841,36
1138876,11
1138886,1
1138892,15
1138893,1
1139002,2
1139022,1
1139058,1
1139059,1
1139071,1
1139083,1
1139122,1
1139131,2
1139134,1
1139153,1
1139165,1
1139231,1
1139262,1
1139267,1
1139278,4
1139308,1
1139389,1
1139399,1
1139435,1
1139459,32
1139472,1
1139497,1
1139512,1
1139575,3
1139585,4
1139622,1
1139663,1
1139666,1
1139725,1
1139810,1
1139817,1
1139841,18
1139872,1
1139901,1
1139908,22
1139946,1
1139963,1
1139981,1
1139997,19
1140020,1
1140025,1
1140035,38
1140037,1
1140067,1
1140089,1
1140118,1
1140131,1
1140135,1
1140138,1
1140229,1
1140242,1
1140252,1
1140263,1
1140280,1
1140377,5
1140463,1
1140494,7
1140517,1
1140542,25
1140551,1
1140627,1
1140644,1
1140738,1
1140749,1
1140791,7
1140804,1
1140813,1
1140862,1
1140869,1
1140884,1
1140886,53
1140894,1
1140898,11
1140910,6
1140968,1
1141018,2
1141027,27
1141180,1
1141185,1
1141226,1
1141265,2
1141308,1
1141335,1
1141350,1
1141399,1
1141423,1
1141441,1
1141504,1
1141505,32
1141576,1
1141618,1
1141621,2
1141628,5
1141745,1
1141772,28
1141792,98
1141793,1
1141798,1
1141799,1
1141844,1
1141870,15
1141872,1
1141954,1
1142019,1
1142025,1
1142031,1
1142037,1
1142109,1
1142123,1
1142125,40
1142127,1
1142135,2
1142197,2
1142220,1
1142270,1
1142291,1
1142306,1
1142337,1
1142364,1
1142367,7
1142411,1
1142480,4
1142496,1
1142522,12
1142546,1
1142614,1
1142682,1
1142694,5
1142699,2
1142733,1
1142746,3
1142789,1
1142794,1
1142818,1
1142821,3
1142855,1
1142939,1
1142940,1
1142975,1
1143001,1
1143003,94
1143005,1
1143058,1
1143081,1
1143100,1
1143108,1
1143129,1
1143155,1
1143161,2
1143180,7
1143203,1
1143225,1
1143233,1
1143235,1
1143286,9
1143292,1
1143301,1
1143347,74
1143351,1
1143382,3
1143397,1
1143408,1
1143415,1
1143420,1
1143479,1
1143542,1
1143593,1
1143607,2
1143651,1
1143702,1
1143713,1
1143757,3
1143766,1
1143857,1
1143875,1
1143890,12
1143912,1
1143945,1
1143953,18
1143956,21
1143961,1
1143964,1
1144015,1
1144024,2
1144048,1
1144054,1
1144060,1
1144108,1
1144114,1
1144118,1
1144129,1
1144138,6
1144161,1
1144196,1
1144212,1
1144293,1
1144325,1
1144424,1
1144438,1
1144474,11
1144504,1
1144515,1
1144534,1
1144535,1
1144618,2
1144703,1
1144802,1
1144878,1
1144917,1
1144951,1
1145025,1
1145087,1
1145221,1
1145319,14
1145355,7
1145381,1
1145445,4
1145561,1
1145633,1
1145643,1
1145679,1
1145689,1
1145701,1
1145708,1
1145750,1
1145752,1
1145759,1
1145781,1
1145783,12
1145792,1
1145817,1
1145878,1
1145894,3
1145912,1
1146028,1
1146037,13
1146066,1
1146107,1
1146112,6
1146113,1
1146122,1
1146144,1
1146210,1
1146237,1
1146244,1
1146260,1
1146293,1
1146318,1
1146326,1
1146352,1
1146393,1
1146518,1
1146526,1
1146618,1
1146628,1
1146681,1
1146714,1
1146726,116
1146767,2
1146799,1
1146828,61
1146849,1
1146887,32
1146891,1
1147011,1
1147025,66
1147032,1
1147040,1
1147112,1
1147153,1
1147179,1
1147206,1
1147234,7
1147263,1
1147305,1
1147306,1
1147348,1
1147378,1
1147439,1
1147452,1
1147482,1
1147484,22
1147499,1
1147502,1
1147503,3
1147512,1
1147518,1
1147532,1
1147546,3
1147550,1
1147554,2
1147562,84
1147563,2
1147614,17
1147620,1
1147635,1
1147648,18
1147659,1
1147762,1
1147789,40
1147807,1
1147824,1
1147830,3
1147848,1
1147907,1
1147919,1
1147922,1
1148010,1
1148028,1
1148032,12
1148033,1
1148034,5
1148045,1
1148078,2
1148117,1
1148122,8
1148124,2
1148149,1
1148155,1
1148165,5
1148179,2
1148187,21
1148201,1
1148240,1
1148242,1
1148272,1
1148285,2
1148298,1
1148301,1
1148321,1
1148327,1
1148329,13
1148343,1
1148345,19
1148356,2
1148358,21
1148368,2
1148382,1
1148414,14
1148421,1
1148428,2
1148431,2
1148462,4
1148464,2
1148467,26
1148489,1
1148500,1
1148507,1
1148521,1
1148530,1
1148552,1
1148559,23
1148567,4
1148568,1
1148570,1
1148619,3
1148628,7
1148639,1
1148675,2
1148681,19
1148693,1
1148697,1
1148719,1
1148758,1
1148764,5
1148765,1
1148774,1
1148833,1
1148889,6
1148963,1
1148997,1
1149010,1
1149042,1
1149054,1
1149069,1
1149109,1
1149131,35
1149144,2
1149148,1
1149149,21
1149159,1
1149161,2
1149170,1
1149178,1
1149179,11
1149197,1
1149200,1
1149218,1
1149229,1
1149231,4
1149232,1
1149243,1
1149250,1
1149253,1
1149261,1
1149270,1
1149274,1
1149325,6
1149359,1
1149381,2
1149390,1
1149403,1
1149407,1
1149421,1
1149451,1
1149452,1
1149477,1
1149489,1
1149490,1
1149491,1
1149494,1
1149495,2
1149499,1
1149503,8
1149518,1
1149532,1
1149588,1
1149589,2
1149590,74
1149628,3
1149634,7
1149657,1
1149673,1
1149674,1
1149722,3
1149735,1
1149739,1
1149769,1
1149777,1
1149784,1
1149799,1
1149805,1
1149808,1
1149811,3
1149820,30
1149838,2
1149839,8
1149843,20
1149847,1
1149867,1
1149884,1
1149892,1
1149901,1
1149907,5
1149911,23
1149912,5
1149923,1
1149935,1
1149967,2
1150011,1
1150036,1
1150057,1
1150062,1
1150063,1
1150068,1
1150069,1
1150070,9
1150088,14
1150118,2
1150127,19
1150138,1
1150147,1
1150148,1
1150153,1
1150158,1
1150161,1
1150164,1
1150168,1
1150180,1
1150181,1
1150184,1
1150192,1
1150195,1
1150202,1
1150207,1
1150208,3
1150224,26
1150226,1
1150235,12
1150243,1
1150246,1
1150271,1
1150279,1
1150285,10
1150299,1
1150313,1
1150329,1
1150333,2
1150345,1
1150364,1
1150397,1
1150426,6
1150463,1
1150473,1
1150532,1
1150546,1
1150549,1
1150563,1
1150571,1
1150591,2
1150608,1
1150611,1
1150613,17
1150618,1
1150632,1
1150665,1
1150666,1
1150673,2
1150682,13
1150688,1
1150700,1
1150723,13
1150736,1
1150737,23
1150739,1
1150760,1
1150780,1
1150796,1
1150842,1
1150845,1
1150847,1
1150873,2
1150879,1
1150887,2
1150909,2
1150924,1
1150934,173
1150952,1
1150954,1
1150978,3
1150984,1
1150992,1
1150995,1
1151002,11
1151007,1
1151008,33
1151020,1
1151026,50
1151043,1
1151074,1
1151099,6
1151100,2
1151102,1
1151106,1
1151116,1
1151122,1
1151134,1
1151137,1
1151140,1
1151156,1
1151179,1
1151190,1
1151200,1
1151207,1
1151237,1
1151238,1
1151265,1
1151278,3
1151280,1
1151290,1
1151294,1
1151295,1
1151303,1
1151309,1
1151321,1
1151338,1
1151339,12
1151354,1
1151358,1
1151362,1
1151364,1
1151370,86
1151405,1
1151421,12
1151423,1
1151449,1
1151456,18
1151463,1
1151464,1
1151476,1
1151485,1
1151502,1
1151503,1
1151511,1
1151524,1
1151526,1
1151538,2
1151554,1
1151559,1
1151568,1
1151582,1
1151584,1
1151594,1
1151603,1
1151604,40
1151606,2
1151608,1
1151614,1
1151640,47
1151662,12
1151678,1
1151685,2
1151688,1
1151703,1
1151727,1
1151733,1
1151735,1
1151757,19
1151775,8
1151777,1
1151781,1
1151783,38
1151789,34
1151790,1
1151801,1
1151811,18
1151812,1
1151834,1
1151843,1
1151845,1
1151846,1
1151853,1
1151869,1
1151878,3
1151885,1
1151903,7
1151906,1
1151917,2
1151942,1
1151943,1
1151944,1
1151951,1
1151954,13
1151959,2
1152033,1
1152051,1
1152052,16
1152055,1
1152064,4
1152066,1
1152108,106
1152109,1
1152111,1
1152117,1
1152121,1
1152130,7
1152132,1
1152137,1
1152160,1
1152185,1
1152186,4
1152188,1
1152192,1
1152199,1
1152203,1
1152206,1
1152211,1
1152216,2
1152217,1
1152227,1
1152236,2
1152251,1
1152265,1
1152267,1
1152268,1
1152277,11
1152279,1
1152294,14
1152330,1
1152338,1
1152339,1
1152346,1
1152354,17
1152357,1
1152368,1
1152386,1
1152391,1
1152407,4
1152411,7
1152438,1
1152452,1
1152455,102
1152466,1
1152469,23
1152470,1
1152491,1
1152499,1
1152524,1
1152563,1
1152565,1
1152572,1
1152573,36
1152608,2
1152628,1
1152630,1
1152631,1
1152660,1
1152666,10
1152684,21
1152704,1
1152720,1
1152755,2
1152774,1
1152776,27
1152780,1
1152796,1
1152797,1
1152798,1
1152800,1
1152801,67
1152802,1
1152809,2
1152823,1
1152826,1
1152835,1
1152854,1
1152858,1
1152869,1
1152895,1
1152914,2
1152917,2
1152928,1
1152946,1
1152957,1
1152967,1
1152970,1
1152974,1
1152975,1
1152989,1
1153003,1
1153015,1
1153027,1
1153055,10
1153062,1
1153073,1
1153089,1
1153093,36
1153094,1
1153099,4
1153114,1
1153115,1
1153125,1
1153143,1
1153147,1
1153165,1
1153188,1
1153206,1
1153230,24
1153239,1
1153245,1
1153247,1
1153256,1
1153260,1
1153268,1
1153317,8
1153328,1
1153332,1
1153349,1
1153358,1
1153372,1
1153397,1
1153410,1
1153417,1
1153429,31
1153444,1
1153446,1
1153459,3
1153472,3
1153494,1
1153500,1
1153515,1
1153525,1
1153538,1
1153560,1
1153563,1
1153599,1
1153608,3
1153619,1
1153632,8
1153641,1
1153683,1
1153706,5
1153707,4
1153710,2
1153716,1
1153735,1
1153737,1
1153756,19
1153763,1
1153765,1
1153766,1
1153794,1
1153814,1
1153820,12
1153821,2
1153826,1
1153839,1
1153842,1
1153849,1
1153851,36
1153852,1
1153871,31
1153873,1
1153878,1
1153879,26
1153881,2
1153882,1
1153890,1
1153894,1
1153895,22
1153896,1
1153904,1
1153934,1
1153935,1
1153939,1
1153942,1
1153955,1
1153960,1
1153962,1
1153964,6
1153967,15
1153979,2
1153988,8
1153989,1
1153998,1
1154002,1
1154004,1
1154020,2
1154030,1
1154042,1
1154047,22
1154059,1
1154092,1
1154107,1
1154109,1
1154120,1
1154123,1
1154129,1
1154134,15
1154143,1
1154163,2
1154189,1
1154190,1
1154203,2
1154227,1
1154236,1
1154243,1
1154257,1
1154260,1
1154267,19
1154278,1
1154282,1
1154302,1
1154304,30
1154313,1
1154333,4
1154338,1
1154339,1
1154366,3
1154381,1
1154384,17
1154390,1
1154395,1
1154399,47
1154400,1
1154430,1
1154436,1
1154460,1
1154472,3
1154475,4
1154489,1
1154500,11
1154515,1
1154516,1
1154537,1
1154551,50
1154558,5
1154564,1
1154574,1
1154580,1
1154586,4
1154588,1
1154590,7
1154592,1
1154595,11
1154602,1
1154609,1
1154613,1
1154616,19
1154625,1
1154626,2
1154634,9
1154652,1
1154660,1
1154673,1
1154683,1
1154691,22
1154711,4
1154714,27
1154715,1
1154719,2
1154743,1
1154747,2
1154752,63
1154760,1
1154775,1
1154780,1
1154794,1
1154813,5
1154814,7
1154827,4
1154833,1
1154834,1
1154851,1
1154864,1
1154884,1
1154914,1
1154924,1
1154934,1
1154944,1
1154949,1
1154967,1
1154968,1
1154971,1
1154977,2
1154978,1
1154996,1
1155000,1
1155001,3
1155013,2
1155015,1
1155024,88
1155037,1
1155046,1
1155050,1
1155056,1
1155062,1
1155070,1
1155072,3
1155075,2
1155080,8
1155084,1
1155085,1
1155096,1
1155112,1
1155127,1
1155138,5
1155149,8
1155161,2
1155184,1
1155191,1
1155232,1
1155248,1
1155249,1
1155269,10
1155282,1
1155283,1
1155298,1
1155300,25
1155301,2
1155317,4
1155337,26
1155348,9
1155349,1
1155370,1
1155375,16
1155381,1
1155388,2
1155402,52
1155405,1
1155406,1
1155412,1
1155452,1
1155457,1
1155458,1
1155467,1
1155482,1
1155484,1
1155486,1
1155487,4
1155490,1
1155496,1
1155557,1
1155571,1
1155572,11
1155574,1
1155582,1
1155593,1
1155594,6
1155602,26
1155603,1
1155604,1
1155617,1
1155632,1
1155641,1
1155657,1
1155665,1
1155667,1
1155691,1
1155728,7
1155741,1
1155742,1
1155790,1
1155792,13
1155809,85
1155811,1
1155812,1
1155813,4
1155814,4
1155819,1
1155829,2
1155855,1
1155859,1
1155874,1
1155884,1
1155923,1
1155941,1
1155942,18
1155949,2
1155955,4
1155956,8
1155958,1
1155966,1
1155977,1
1155978,1
1155990,1
1156002,1
1156007,3
1156026,1
1156042,1
1156063,2
1156087,1
1156092,2
1156097,1
1156114,22
1156122,1
1156127,1
1156132,39
1156143,1
1156151,1
1156155,19
1156159,1
1156163,2
1156172,61
1156180,1
1156193,29
1156201,1
1156210,1
1156235,17
1156237,1
1156261,1
1156268,5
1156283,1
1156301,1
1156328,1
1156333,16
1156348,34
1156360,1
1156366,1
1156375,4
1156390,14
1156395,1
1156409,1
1156420,1
1156430,1
1156459,2
1156466,1
1156486,1
1156496,1
1156504,1
1156518,2
1156519,1
1156523,1
1156524,1
1156525,26
1156526,1
1156527,1
1156561,2
1156570,1
1156577,3
1156591,1
1156603,1
1156619,1
1156621,1
1156623,1
1156659,1
1156662,1
1156665,1
1156671,1
1156718,1
1156725,1
1156731,3
1156733,1
1156740,3
1156744,1
1156747,1
1156761,1
1156768,1
1156772,1
1156773,1
1156774,2
1156775,4
1156776,1
1156779,1
1156780,9
1156788,1
1156794,1
1156797,1
1156814,1
1156821,1
1156830,1
1156841,1
1156848,25
1156852,1
1156856,7
1156863,1
1156867,2
1156872,1
1156879,65
1156886,1
1156892,22
1156902,1
1156911,1
1156917,3
1156930,1
1156934,1
1156951,3
1156974,1
1156988,1
1156990,1
1157015,1
1157026,1
1157032,2
1157050,1
1157067,1
1157069,5
1157089,10
1157092,6
1157099,7
1157105,7
1157107,18
1157120,1
1157121,1
1157124,1
1157155,1
1157169,1
1157179,1
1157196,1
1157213,1
1157219,1
1157222,1
1157225,1
1157239,1
1157254,11
1157255,2
1157299,1
1157310,1
1157311,1
1157328,1
1157343,1
1157346,1
1157355,1
1157371,1
1157381,1
1157401,1
1157411,1
1157428,1
1157431,1
1157433,29
1157440,2
1157451,1
1157452,1
1157480,1
1157481,1
1157501,2
1157530,1
1157545,1
1157554,1
1157564,11
1157571,1
1157607,1
1157616,1
1157650,3
1157685,1
1157688,4
1157723,23
1157731,10
1157741,1
1157752,1
1157774,1
1157787,1
1157788,4
1157789,2
1157795,1
1157796,1
1157803,1
1157806,2
1157822,1
1157834,1
1157837,2
1157840,1
1157841,15
1157850,1
1157864,2
1157882,10
1157900,1
1157905,1
1157927,1
1157928,1
1157941,1
1157958,1
1157961,1
1157976,1
1157993,1
1157997,1
1158006,6
1158009,1
1158011,5
1158019,2
1158025,1
1158038,1
1158046,15
1158048,1
1158058,1
1158076,1
1158083,1
1158085,28
1158087,2
1158116,1
1158119,3
1158121,1
1158151,1
1158154,9
1158155,1
1158164,1
1158165,1
1158172,1
1158175,1
1158200,3
1158205,2
1158240,1
1158330,1
1158335,2
1158336,2
1158379,69
1158380,1
1158399,1
1158443,1
1158447,1
1158481,1
1158483,1
1158487,1
1158489,1
1158543,1
1158570,5
1158578,2
1158580,1
1158585,1
1158593,1
1158599,1
1158611,1
1158613,1
1158617,1
1158618,2
1158642,5
1158645,1
1158653,1
1158656,1
1158671,1
1158692,1
1158694,1
1158695,1
1158737,1
1158756,1
1158765,1
1158774,4
1158790,1
1158793,1
1158799,1
1158812,1
1158821,1
1158828,1
1158854,66
1158857,2
1158870,6
1158873,54
1158887,3
1158905,1
1158914,1
1158928,1
1158936,1
1158944,6
1158955,2
1158975,5
1158984,1
1159000,13
1159006,1
1159016,1
1159036,1
1159040,1
1159043,1
1159055,9
1159075,1
1159077,1
1159081,1
1159095,4
1159096,1
1159099,1
1159112,21
1159126,1
1159127,18
1159147,1
1159150,1
1159164,1
1159176,1
1159177,2
1159189,1
1159208,1
1159233,1
1159236,10
1159240,1
1159250,1
1159251,1
1159263,1
1159281,1
1159308,1
1159330,1
1159334,1
1159345,4
1159355,1
1159382,1
1159387,1
1159420,1
1159433,1
1159484,1
1159535,1
1159552,1
1159554,15
1159555,1
1159570,1
1159573,3
1159574,21
1159575,3
1159588,2
1159590,1
1159591,8
1159593,14
1159599,1
1159603,1
1159606,1
1159613,1
1159626,1
1159629,2
1159632,6
1159641,2
1159650,1
1159654,3
1159655,1
1159678,1
1159685,1
1159698,12
1159740,2
1159744,1
1159746,1
1159748,2
1159755,1
1159768,1
1159769,2
1159774,24
1159784,1
1159802,4
1159878,1
1159899,1
1159914,10
1159915,1
1159924,1
1159928,3
1159946,4
1159947,1
1159958,1
1159965,1
1159998,1
1160001,37
1160004,2
1160036,1
1160066,1
1160073,2
1160074,37
1160076,1
1160106,1
1160142,1
1160169,1
1160171,2
1160176,1
1160184,1
1160189,2
1160196,1
1160197,63
1160198,1
1160255,1
1160272,1
1160312,29
1160325,7
1160343,1
1160362,1
1160370,6
1160383,2
1160392,1
1160401,1
1160405,1
1160408,27
1160409,1
1160425,1
1160430,4
1160437,1
1160452,1
1160479,1
1160491,1
1160493,1
1160497,1
1160498,1
1160499,62
1160502,1
1160512,1
1160515,7
1160516,1
1160519,1
1160525,1
1160527,1
1160555,15
1160556,2
1160559,1
1160570,1
1160590,1
1160601,1
1160603,1
1160610,1
1160612,1
1160625,15
1160633,1
1160641,1
1160645,1
1160649,1
1160659,1
1160674,1
1160677,1
1160684,1
1160704,1
1160717,1
1160719,1
1160737,1
1160741,11
1160756,1
1160761,1
1160771,33
1160780,1
1160782,1
1160796,2
1160805,1
1160815,1
1160841,9
1160867,1
1160880,1
1160882,3
1160895,1
1160924,1
1160930,1
1160932,2
1160949,1
1160952,1
1160954,1
1160958,1
1160961,1
1160966,5
1160995,3
1161038,1
1161054,2
1161058,1
1161069,1
1161103,11
1161104,1
1161108,1
1161113,3
1161118,1
1161149,1
1161155,1
1161157,1
1161167,1
1161172,12
1161175,1
1161186,1
1161188,2
1161200,4
1161207,1
1161220,3
1161282,1
1161295,6
1161296,1
1161297,24
1161314,1
1161322,1
1161324,49
1161352,1
1161353,1
1161357,8
1161360,1
1161389,4
1161407,1
1161408,28
1161418,2
1161421,2
1161422,1
1161426,1
1161429,1
1161441,1
1161443,9
1161467,1
1161473,1
1161505,9
1161520,1
1161528,1
1161534,1
1161536,1
1161555,8
1161558,1
1161571,1
1161614,1
1161628,1
1161657,8
1161660,1
1161691,1
1161714,1
1161723,8
1161730,7
1161749,1
1161763,1
1161777,1
1161785,1
1161788,1
1161820,1
1161822,1
1161829,1
1161835,2
1161838,13
1161846,1
1161873,5
1161877,1
1161881,2
1161885,1
1161915,1
1161916,2
1161921,1
1161928,1
1161941,3
1161961,1
1161979,1
1161980,1
1161992,1
1162016,1
1162061,1
1162066,1
1162074,67
1162084,17
1162090,27
1162097,2
1162099,1
1162117,1
1162120,1
1162121,2
1162148,1
1162157,37
1162194,2
1162246,1
1162247,1
1162248,1
1162289,1
1162331,1
1162343,1
1162350,1
1162354,1
1162392,2
1162395,1
1162419,1
1162425,10
1162451,1
1162501,1
1162509,1
1162510,1
1162526,1
1162531,1
1162555,2
1162569,1
1162576,1
1162580,1
1162603,1
1162607,1
1162608,1
1162614,20
1162630,1
1162656,1
1162662,16
1162668,8
1162703,1
1162723,7
1162745,1
1162746,1
1162794,1
1162795,1
1162816,1
1162820,17
1162827,2
1162838,1
1162844,1
1162889,1
1162934,1
1162937,1
1162945,24
1162952,1
1162960,1
1162965,19
1162977,1
1162988,1
1163047,1
1163070,1
1163082,1
1163094,1
1163116,1
1163140,1
1163183,2
1163189,2
1163227,1
1163233,7
1163239,18
1163254,1
1163309,1
1163313,1
1163316,1
1163322,1
1163323,5
1163349,1
1163352,2
1163411,1
1163450,1
1163473,1
1163474,17
1163486,1
1163488,1
1163489,3
1163516,2
1163524,1
1163528,1
1163558,2
1163569,1
1163572,1
1163573,1
1163603,5
1163610,1
1163615,17
1163616,2
1163630,19
1163633,8
1163635,2
1163639,1
1163642,1
1163647,1
1163650,1
1163651,27
1163659,1
1163664,12
1163666,1
1163669,2
1163679,1
1163684,13
1163699,3
1163703,1
1163737,1
1163759,1
1163766,1
1163770,1
1163778,1
1163788,3
1163796,1
1163818,1
1163821,1
1163822,1
1163823,27
1163824,3
1163826,2
1163841,2
1163853,2
1163858,1
1163865,1
1163886,7
1163893,19
1163894,1
1163903,1
1163915,2
1163926,1
1163937,1
1163944,1
1163955,1
1163960,1
1163965,6
1163977,1
1163978,7
1163984,3
1163993,4
1164010,1
1164019,1
1164033,1
1164058,1
1164088,5
1164104,1
1164108,1
1164113,1
1164116,1
1164129,1
1164131,1
1164137,1
1164152,1
1164153,1
1164154,6
1164162,1
1164168,1
1164170,1
1164178,1
1164190,1
1164208,1
1164218,2
1164234,3
1164244,9
1164272,1
1164280,1
1164298,2
1164308,1
1164340,9
1164360,1
1164374,1
1164380,3
1164391,1
1164411,1
1164420,1
1164426,1
1164446,12
1164456,1
1164460,1
1164465,2
1164477,1
1164500,10
1164505,1
1164516,2
1164519,2
1164521,1
1164530,1
1164532,1
1164537,2
1164538,13
1164556,1
1164567,2
1164580,1
1164595,4
1164596,1
1164599,1
1164614,1
1164652,10
1164657,1
1164664,1
1164700,1
1164703,1
1164705,1
1164723,1
1164727,2
1164729,1
1164731,16
1164737,11
1164739,1
1164741,18
1164743,1
1164744,1
1164757,2
1164761,1
1164801,1
1164802,1
1164803,1
1164805,1
1164823,1
1164826,1
1164840,1
1164855,1
1164900,1
1164912,2
1164915,3
1164922,1
1164934,83
1164956,1
1164962,12
1164989,1
1164992,1
1165011,2
1165015,1
1165016,33
1165020,1
1165030,1
1165046,2
1165051,12
1165053,3
1165055,1
1165064,1
1165067,1
1165093,1
1165100,10
1165108,1
1165110,1
1165113,1
1165115,6
1165125,1
1165126,1
1165153,5
1165155,1
1165189,1
1165198,1
1165202,1
1165205,1
1165207,1
1165211,1
1165213,3
1165218,1
1165251,1
1165252,8
1165263,1
1165267,1
1165278,1
1165279,1
1165284,1
1165293,3
1165296,2
1165300,2
1165303,1
1165313,1
1165318,1
1165326,1
1165346,2
1165362,1
1165370,1
1165374,1
1165376,1
1165378,1
1165380,1
1165400,10
1165415,2
1165417,1
1165418,4
1165420,1
1165446,2
1165447,1
1165450,1
1165451,1
1165456,4
1165457,1
1165463,1
1165464,1
1165465,31
1165467,4
1165468,4
1165482,1
1165495,1
1165496,4
1165529,1
1165542,1
1165552,44
1165563,41
1165567,1
1165584,14
1165596,8
1165597,2
1165598,1
1165600,1
1165635,4
1165641,1
1165642,1
1165653,2
1165669,1
1165677,6
1165685,1
1165690,1
1165721,20
1165731,3
1165732,1
1165738,1
1165739,1
1165748,13
1165772,1
1165777,1
1165795,1
1165806,1
1165807,1
1165825,1
1165829,1
1165836,20
1165845,2
1165847,4
1165863,1
1165879,9
1165910,108
1165911,1
1165920,2
1165933,1
1165952,1
1165981,1
1165987,1
1165993,1
1166006,1
1166026,3
1166042,1
1166048,1
1166056,1
1166064,1
1166074,23
1166075,2
1166091,1
1166092,7
1166112,3
1166119,2
1166128,2
1166133,1
1166141,7
1166156,1
1166157,1
1166165,1
1166172,3
1166173,20
1166179,1
1166183,1
1166189,1
1166195,1
1166208,1
1166209,1
1166250,1
1166253,1
1166259,1
1166272,1
1166273,1
1166290,1
1166291,1
1166301,1
1166303,1
1166309,1
1166316,11
1166350,1
1166361,9
1166363,1
1166368,1
1166372,10
1166375,1
1166380,2
1166393,3
1166394,3
1166400,1
1166412,1
1166413,3
1166415,1
1166429,1
1166436,25
1166457,6
1166458,1
1166464,1
1166473,1
1166478,1
1166496,1
1166500,1
1166510,12
1166511,46
1166512,2
1166516,1
1166520,1
1166533,174
1166534,2
1166541,1
1166545,1
1166558,1
1166559,1
1166592,1
1166595,2
1166597,1
1166605,3
1166609,2
1166617,1
1166647,1
1166684,4
1166691,1
1166695,2
1166703,16
1166720,1
1166729,1
1166743,1
1166753,1
1166760,2
1166772,1
1166774,1
1166775,1
1166787,1
1166793,1
1166794,2
1166795,11
1166815,1
1166821,3
1166828,1
1166854,1
1166872,9
1166874,1
1166880,1
1166892,2
1166911,1
1166945,1
1166965,3
1166980,1
1166983,1
1166984,1
1166986,1
1167002,1
1167022,1
1167030,1
1167031,1
1167039,16
1167055,1
1167056,1
1167059,1
1167061,2
1167071,1
1167073,1
1167074,1
1167075,10
1167079,1
1167088,1
1167090,2
1167091,2
1167092,9
1167098,1
1167113,1
1167119,1
1167136,1
1167147,1
1167154,1
1167186,60
1167187,7
1167194,1
1167198,2
1167199,1
1167236,6
1167243,9
1167255,1
1167257,1
1167258,1
1167266,1
1167290,1
1167310,1
1167313,1
1167323,1
1167352,1
1167367,4
1167370,1
1167376,1
1167384,1
1167386,1
1167389,1
1167403,1
1167418,1
1167433,7
1167435,1
1167442,1
1167463,2
1167465,13
1167467,17
1167488,1
1167502,1
1167506,1
1167511,1
1167516,1
1167518,11
1167527,4
1167552,1
1167591,1
1167601,1
1167612,35
1167639,1
1167645,2
1167673,4
1167678,1
1167682,20
1167689,1
1167706,1
1167713,1
1167724,1
1167726,1
1167742,1
1167746,1
1167748,1
1167761,30
1167766,1
1167774,1
1167786,1
1167788,1
1167793,14
1167795,2
1167804,2
1167810,1
1167816,1
1167822,1
1167826,1
1167829,1
1167831,1
1167842,1
1167880,1
1167902,17
1167903,1
1167906,2
1167911,4
1167912,3
1167918,1
1167919,1
1167922,2
1167928,5
1167933,2
1167939,1
1167940,16
1167950,1
1167956,1
1167961,2
1167963,1
1167974,1
1167984,14
1167991,1
1167999,2
1168011,1
1168016,1
1168029,9
1168032,1
1168033,1
1168036,1
1168042,1
1168050,7
1168067,4
1168069,2
1168070,1
1168072,1
1168073,1
1168080,1
1168083,1
1168084,1
1168085,27
1168087,1
1168099,1
1168106,1
1168109,1
1168122,1
1168173,2
1168183,1
1168195,1
1168196,1
1168207,1
1168212,4
1168217,1
1168227,2
1168229,1
1168231,5
1168237,1
1168242,1
1168245,3
1168246,7
1168247,1
1168249,2
1168261,1
1168263,1
1168266,5
1168277,2
1168282,2
1168289,1
1168309,1
1168312,1
1168329,1
1168340,1
1168342,1
1168356,1
1168358,1
1168360,1
1168367,7
1168372,2
1168376,2
1168377,1
1168380,1
1168390,2
1168407,2
1168413,1
1168424,1
1168443,43
1168444,1
1168459,6
1168474,3
1168476,1
1168487,2
1168492,3
1168493,1
1168503,1
1168512,1
1168543,11
1168548,1
1168549,3
1168551,1
1168571,1
1168579,1
1168590,1
1168592,11
1168620,1
1168638,1
1168645,1
1168652,1
1168665,1
1168666,1
1168668,1
1168675,2
1168690,1
1168691,24
1168692,1
1168700,1
1168702,6
1168706,6
1168716,1
1168720,1
1168722,1
1168730,1
1168749,9
1168752,1
1168755,1
1168756,1
1168764,1
1168791,1
1168802,1
1168809,2
1168819,1
1168826,1
1168841,1
1168844,1
1168860,4
1168869,1
1168905,6
1168906,1
1168908,3
1168909,2
1168928,2
1168929,1
1168952,1
1168960,1
1168961,1
1168972,1
1168991,1
1169064,2
1169071,1
1169076,1
1169088,1
1169094,2
1169098,1
1169110,1
1169115,1
1169134,1
1169140,1
1169141,1
1169154,1
1169158,1
1169164,1
1169182,1
1169188,1
1169193,1
1169194,64
1169207,1
1169216,1
1169235,1
1169236,6
1169239,8
1169242,1
1169244,1
1169245,1
1169246,20
1169248,1
1169256,9
1169258,1
1169263,1
1169267,9
1169269,1
1169275,35
1169292,1
1169297,1
1169300,1
1169306,1
1169317,1
1169330,2
1169344,17
1169368,1
1169388,3
1169390,2
1169396,2
1169397,1
1169402,8
1169403,1
1169407,5
1169415,1
1169423,1
1169439,1
1169447,4
1169462,1
1169474,1
1169477,2
1169478,1
1169480,2
1169488,2
1169490,1
1169496,1
1169505,1
1169507,1
1169515,1
1169555,1
1169570,1
1169579,1
1169590,1
1169591,1
1169604,2
1169616,1
1169618,1
1169631,1
1169635,1
1169659,1
1169670,1
1169677,1
1169680,10
1169697,1
1169698,2
1169707,1
1169711,1
1169723,1
1169735,2
1169774,12
1169787,1
1169791,1
1169798,5
1169799,1
1169806,1
1169823,2
1169833,1
1169839,1
1169840,1
1169844,3
1169846,96
1169847,1
1169855,1
1169859,1
1169866,3
1169867,1
1169870,37
1169880,1
1169895,1
1169896,1
1169917,2
1169921,1
1169923,1
1169929,16
1169931,1
1169936,3
1169941,1
1169949,3
1169950,4
1169963,1
1169981,1
1169986,1
1169991,3
1170002,15
1170007,2
1170030,1
1170038,1
1170043,1
1170044,1
1170046,1
1170047,1
1170059,1
1170063,1
1170066,1
1170067,1
1170069,55
1170071,1
1170072,2
1170081,1
1170082,2
1170095,1
1170099,1
1170100,1
1170108,1
1170115,1
1170128,1
1170129,2
1170139,1
1170144,5
1170160,1
1170199,1
1170209,1
1170210,2
1170217,1
1170218,1
1170249,9
1170258,1
1170261,1
1170286,1
1170289,1
1170311,1
1170312,1
1170313,1
1170333,1
1170359,1
1170360,1
1170364,1
1170370,2
1170379,1
1170399,1
1170400,1
1170405,1
1170413,1
1170414,1
1170421,4
1170422,2
1170432,1
1170433,1
1170445,18
1170460,1
1170475,1
1170478,1
1170502,1
1170509,1
1170510,1
1170511,4
1170513,62
1170517,9
1170527,1
1170536,1
1170557,1
1170567,1
1170570,1
1170577,1
1170578,1
1170579,1
1170584,1
1170587,1
1170588,1
1170597,1
1170599,4
1170623,1
1170624,1
1170632,2
1170643,1
1170659,1
1170660,1
1170673,1
1170680,3
1170685,1
1170687,1
1170694,2
1170698,1
1170703,1
1170754,1
1170772,26
1170774,1
1170788,1
1170792,2
1170825,1
1170842,1
1170845,1
1170875,2
1170876,1
1170878,1
1170879,10
1170880,1
1170894,1
1170901,7
1170909,1
1170928,1
1170932,13
1170935,2
1170970,1
1170992,1
1171000,1
1171001,1
1171003,1
1171004,1
1171011,2
1171034,1
1171050,1
1171066,2
1171076,3
1171101,2
1171117,1
1171122,1
1171127,1
1171139,1
1171148,1
1171150,6
1171161,2
1171162,2
1171169,1
1171173,1
1171175,5
1171189,1
1171203,1
1171209,1
1171210,16
1171223,6
1171227,1
1171235,1
1171241,1
1171243,1
1171256,2
1171259,9
1171274,1
1171278,98
1171300,1
1171314,1
1171316,1
1171323,2
1171338,1
1171339,4
1171340,1
1171341,28
1171346,8
1171353,49
1171358,1
1171361,1
1171367,1
1171369,2
1171371,17
1171377,2
1171380,1
1171391,1
1171398,1
1171402,3
1171405,1
1171415,1
1171418,1
1171452,1
1171454,1
1171455,1
1171471,1
1171472,12
1171473,1
1171482,1
1171503,1
1171504,1
1171506,1
1171516,1
1171519,11
1171536,2
1171551,1
1171614,1
1171623,1
1171641,1
1171648,1
1171653,1
1171661,1
1171662,5
1171663,1
1171671,7
1171679,35
1171682,1
1171684,1
1171690,1
1171697,1
1171710,1
1171722,1
1171724,1
1171746,1
1171748,2
1171756,4
1171766,2
1171767,24
1171768,1
1171780,1
1171783,1
1171794,2
1171801,2
1171805,1
1171826,15
1171831,1
1171836,1
1171841,1
1171847,1
1171872,1
1171880,1
1171905,1
1171921,1
1171922,1
1171958,1
1171961,3
1171962,25
1171963,1
1171971,1
1172017,1
1172021,1
1172034,1
1172055,14
1172058,5
1172066,1
1172070,2
1172072,1
1172088,2
1172113,1
1172118,1
1172122,1
1172131,2
1172132,1
1172133,23
1172134,1
1172145,1
1172159,2
1172161,1
1172172,1
1172179,1
1172189,1
1172194,1
1172195,1
1172230,1
1172232,1
1172236,2
1172240,1
1172243,2
1172246,1
1172250,1
1172257,1
1172278,1
1172284,1
1172295,1
1172311,1
1172319,1
1172334,1
1172347,1
1172352,1
1172358,1
1172376,15
1172404,1
1172413,1
1172418,1
1172422,1
1172430,2
1172434,66
1172437,1
1172445,1
1172461,1
1172477,1
1172515,1
1172517,1
1172553,2
1172555,1
1172556,4
1172563,1
1172571,1
1172578,1
1172609,1
1172632,2
1172636,2
1172637,1
1172646,1
1172674,1
1172675,1
1172678,18
1172709,1
1172711,1
1172735,1
1172739,2
1172742,1
1172750,1
1172752,1
1172789,1
1172798,1
1172810,2
1172842,1
1172848,1
1172851,1
1172866,2
1172868,1
1172876,8
1172887,1
1172894,2
1172902,1
1172906,1
1172909,42
1172911,3
1172919,6
1172924,2
1172929,4
1172950,4
1172981,1
1172994,5
1172995,26
1172996,1
1173001,4
1173004,1
1173012,1
1173030,1
1173033,2
1173055,1
1173056,41
1173057,1
1173069,1
1173075,1
1173084,1
1173103,1
1173108,1
1173111,1
1173119,3
1173122,1
1173133,1
1173134,1
1173136,2
1173144,4
1173145,1
1173147,8
1173149,1
1173160,1
1173178,1
1173219,1
1173228,1
1173257,1
1173265,1
1173276,1
1173285,1
1173299,1
1173303,1
1173315,1
1173317,1
1173338,1
1173362,1
1173376,1
1173384,1
1173406,1
1173410,13
1173430,1
1173434,1
1173449,1
1173450,1
1173453,1
1173476,1
1173516,1
1173567,1
1173572,11
1173594,1
1173608,1
1173615,6
1173616,1
1173639,1
1173655,1
1173659,6
1173662,1
1173664,8
1173693,1
1173702,8
1173703,1
1173704,1
1173706,1
1173744,1
1173775,2
1173799,1
1173831,1
1173832,24
1173850,2
1173863,1
1173876,5
1173882,1
1173896,1
1173903,1
1173909,2
1173939,1
1173950,4
1173951,13
1174003,1
1174056,1
1174073,1
1174106,2
1174117,1
1174120,1
1174130,53
1174141,1
1174151,2
1174170,1
1174194,1
1174201,1
1174223,30
1174232,2
1174261,14
1174298,1
1174310,1
1174313,77
1174314,1
1174333,1
1174355,1
1174404,1
1174406,7
1174442,1
1174451,1
1174463,1
1174469,1
1174485,1
1174498,1
1174502,1
1174504,1
1174512,1
1174524,10
1174545,1
1174562,1
1174564,1
1174573,2
1174583,1
1174587,1
1174590,1
1174602,1
1174617,1
1174621,1
1174624,1
1174629,1
1174636,1
1174638,1
1174641,1
1174650,1
1174651,36
1174661,1
1174663,1
1174688,2
1174692,59
1174693,1
1174695,4
1174701,1
1174704,5
1174708,117
1174710,2
1174712,1
1174715,18
1174734,1
1174736,1
1174738,1
1174746,1
1174755,7
1174758,1
1174759,29
1174764,1
1174780,1
1174785,1
1174787,1
1174821,2
1174838,5
1174847,1
1174851,1
1174852,1
1174910,2
1174911,1
1174914,1
1174935,1
1174937,1
1174951,1
1174966,2
1174978,2
1174991,1
1174992,3
1174997,1
1175003,1
1175006,13
1175009,1
1175056,1
1175057,1
1175066,1
1175074,1
1175078,1
1175100,1
1175113,1
1175144,1
1175156,1
1175165,1
1175169,1
1175182,1
1175196,1
1175201,28
1175216,46
1175217,2
1175218,1
1175232,1
1175247,1
1175297,1
1175316,1
1175340,1
1175341,20
1175342,1
1175343,1
1175371,4
1175372,1
1175373,46
1175374,1
1175381,1
1175385,1
1175418,1
1175432,1
1175441,1
1175455,1
1175464,1
1175466,1
1175467,6
1175476,2
1175493,1
1175503,1
1175509,1
1175510,4
1175515,1
1175530,3
1175558,2
1175566,1
1175589,1
1175605,1
1175623,3
1175624,1
1175628,13
1175634,2
1175647,1
1175650,1
1175662,1
1175667,1
1175675,2
1175684,1
1175711,4
1175717,1
1175722,1
1175729,1
1175773,1
1175784,1
1175791,1
1175814,1
1175815,1
1175835,1
1175839,1
1175840,1
1175843,1
1175930,1
1175937,2
1175939,2
1175950,1
1175959,12
1175972,1
1175978,1
1175999,1
1176002,2
1176008,2
1176016,6
1176025,1
1176042,1
1176050,1
1176065,1
1176071,1
1176101,1
1176127,2
1176134,3
1176136,1
1176137,1
1176140,1
1176141,1
1176142,3
1176154,1
1176161,1
1176172,3
1176173,1
1176178,1
1176192,1
1176202,1
1176206,1
1176208,14
1176209,2
1176220,1
1176230,4
1176232,9
1176233,2
1176237,1
1176273,2
1176289,2
1176308,3
1176315,2
1176316,34
1176320,1
1176335,25
1176336,3
1176339,2
1176341,23
1176349,1
1176350,1
1176364,22
1176365,13
1176378,1
1176386,1
1176394,1
1176417,1
1176418,2
1176426,5
1176427,1
1176436,8
1176442,1
1176447,9
1176452,1
1176455,7
1176467,1
1176470,19
1176474,2
1176486,1
1176490,30
1176496,1
1176506,1
1176509,1
1176528,34
1176533,1
1176537,2
1176558,1
1176560,1
1176585,19
1176587,1
1176592,2
1176593,4
1176597,1
1176607,1
1176609,1
1176611,1
1176618,1
1176626,1
1176641,2
1176659,6
1176660,2
1176661,1
1176666,1
1176667,1
1176670,1
1176673,1
1176674,6
1176678,1
1176688,1
1176689,3
1176697,1
1176714,1
1176725,5
1176729,1
1176737,1
1176763,2
1176768,1
1176776,1
1176779,1
1176780,1
1176785,4
1176792,2
1176799,1
1176805,1
1176816,4
1176824,3
1176829,1
1176833,1
1176834,1
1176835,17
1176840,36
1176843,1
1176846,3
1176847,1
1176848,5
1176851,6
1176864,4
1176872,3
1176882,1
1176884,1
1176888,1
1176895,1
1176896,4
1176910,1
1176916,1
1176919,2
1176920,6
1176928,8
1176929,1
1176935,2
1176945,4
1176954,1
1176963,3
1176979,2
1176980,1
1176997,1
1177007,1
1177008,1
1177024,2
1177026,1
1177032,1
1177039,2
1177041,1
1177045,1
1177058,1
1177060,1
1177062,1
1177070,2
1177116,17
1177128,1
1177130,2
1177144,1
1177156,3
1177161,1
1177163,2
1177168,1
1177169,3
1177170,48
1177181,1
1177182,1
1177197,1
1177199,38
1177204,24
1177205,1
1177220,1
1177234,2
1177244,22
1177246,1
1177248,2
1177249,1
1177255,3
1177257,1
1177258,1
1177268,1
1177270,4
1177272,2
1177295,1
1177306,1
1177309,1
1177317,4
1177320,9
1177321,5
1177323,2
1177324,1
1177325,1
1177328,28
1177341,1
1177347,2
1177353,4
1177356,1
1177357,1
1177368,1
1177375,5
1177376,2
1177400,4
1177404,1
1177416,1
1177419,2
1177422,9
1177424,1
1177426,1
1177434,1
1177437,1
1177467,1
1177474,1
1177504,1
1177527,1
1177528,1
1177529,1
1177540,48
1177542,1
1177548,2
1177549,1
1177550,57
1177552,2
1177578,1
1177633,1
1177659,1
1177687,3
1177699,3
1177704,1
1177724,2
1177727,2
1177741,1
1177751,1
1177754,1
1177758,4
1177765,1
1177800,1
1177824,1
1177843,1
1177857,1
1177892,1
1177905,1
1177918,1
1177923,2
1177935,29
1177945,1
1177977,8
1177978,1
1177988,1
1177990,1
1178008,2
1178040,1
1178048,1
1178058,1
1178064,1
1178084,1
1178093,1
1178136,3
1178137,17
1178138,2
1178262,1
1178301,1
1178308,1
1178310,1
1178314,8
1178322,1
1178325,9
1178336,9
1178341,1
1178345,3
1178359,1
1178365,1
1178378,1
1178400,1
1178413,1
1178449,1
1178475,1
1178480,4
1178481,19
1178488,1
1178490,1
1178508,2
1178512,1
1178526,9
1178534,2
1178538,43
1178544,1
1178548,1
1178549,1
1178551,5
1178568,1
1178582,1
1178589,1
1178591,1
1178644,12
1178665,14
1178744,78
1178757,1
1178772,1
1178777,1
1178780,1
1178795,1
1178811,1
1178812,1
1178827,1
1178829,2
1178830,1
1178840,2
1178842,28
1178844,3
1178846,1
1178847,1
1178850,128
1178851,1
1178861,1
1178873,1
1178891,1
1178893,1
1178904,1
1178916,1
1178923,2
1178927,3
1178947,1
1178956,1
1178968,1
1178979,4
1178981,1
1179015,1
1179052,3
1179084,1
1179089,1
1179097,2
1179106,1
1179120,1
1179125,35
1179130,3
1179136,3
1179192,1
1179223,1
1179268,1
1179286,1
1179288,2
1179302,1
1179306,83
1179324,2
1179325,1
1179388,1
1179389,1
1179391,16
1179408,1
1179415,1
1179444,1
1179511,1
1179519,1
1179551,55
1179552,2
1179555,1
1179562,2
1179566,1
1179598,2
1179599,10
1179615,1
1179683,1
1179695,2
1179698,11
1179704,16
1179705,1
1179707,1
1179712,1
1179714,3
1179716,2
1179729,21
1179754,2
1179760,1
1179773,1
1179829,1
1179834,32
1179894,22
1179903,1
1179926,1
1179955,1
1179960,1
1179978,5
1179988,1
1179993,1
1180006,1
1180009,1
1180011,1
1180012,2
1180026,1
1180061,14
1180101,2
1180123,1
1180162,1
1180191,1
1180285,1
1180321,1
1180355,31
1180360,1
1180379,2
1180436,1
1180560,1
1180571,1
1180585,1
1180589,10
1180637,1
1180652,1
1180653,1
1180657,1
1180658,2
1180659,1
1180670,14
1180685,31
1180708,1
1180718,1
1180722,1
1180754,1
1180796,1
1180815,2
1180845,1
1180879,1
1180899,1
1180910,14
1180916,1
1180931,1
1180949,1
1180954,1
1180962,1
1180964,15
1180988,1
1181011,1
1181051,2
1181117,1
1181123,2
1181124,22
1181139,1
1181146,1
1181189,1
1181193,1
1181204,1
1181239,1
1181318,1
1181368,1
1181390,1
1181453,1
1181464,1
1181465,10
1181466,1
1181505,1
1181508,1
1181544,1
1181587,1
1181674,1
1181676,1
1181685,2
1181686,10
1181691,1
1181693,45
1181708,1
1181713,1
1181745,1
1181767,1
1181799,2
1181829,1
1181833,8
1181875,1
1181877,2
1181891,1
1181893,2
1181894,25
1181895,1
1181896,12
1181900,1
1181922,1
1181924,42
1181944,14
1181959,1
1181967,2
1181987,1
1181988,2
1182028,1
1182037,1
1182041,13
1182044,1
1182068,1
1182071,1
1182114,1
1182175,5
1182226,1
1182358,2
1182373,1
1182389,1
1182405,1
1182422,3
1182442,1
1182464,4
1182479,1
1182486,13
1182493,1
1182494,1
1182496,1
1182497,21
1182515,2
1182602,1
1182608,1
1182620,1
1182621,1
1182640,1
1182685,11
1182752,1
1182763,1
1182783,1
1182792,1
1182796,1
1182797,1
1182822,1
1182845,1
1182849,1
1182881,1
1182892,1
1182901,29
1182934,1
1182936,1
1182938,1
1182951,2
1182957,2
1182985,1
1182991,1
1183012,1
1183013,33
1183035,24
1183039,1
1183065,1
1183066,1
1183070,35
1183092,1
1183097,1
1183124,1
1183156,1
1183236,1
1183272,1
1183326,5
1183344,1
1183365,1
1183397,4
1183407,1
1183408,1
1183414,1
1183429,1
1183433,1
1183451,1
1183482,1
1183497,1
1183524,3
1183580,11
1183592,1
1183608,1
1183612,2
1183634,2
1183642,1
1183702,1
1183755,1
1183801,4
1183827,1
1183847,1
1183855,1
1183862,1
1183878,1
1183881,1
1183882,1
1183899,74
1183919,1
1183923,3
1183926,1
1183929,3
1183954,2
1183965,2
1183972,1
1183977,1
1183988,132
1184011,1
1184019,1
1184032,18
1184034,1
1184042,34
1184047,1
1184057,1
1184079,21
1184246,14
1184251,5
1184254,1
1184260,1
1184261,1
1184279,26
1184280,1
1184302,1
1184310,1
1184334,1
1184360,1
1184364,1
1184368,5
1184448,1
1184531,2
1184545,2
1184558,2
1184579,1
1184584,16
1184599,1
1184643,1
1184674,37
1184679,1
1184685,5
1184698,1
1184740,1
1184744,1
1184759,1
1184760,1
1184779,1
1184790,1
1184800,49
1184809,1
1184829,1
1184858,1
1184882,7
1184895,1
1184943,1
1184964,1
1185016,2
1185235,1
1185250,1
1185255,1
1185261,10
1185267,1
1185323,1
1185340,1
1185359,1
1185458,1
1185472,2
1185475,33
1185477,1
1185623,1
1185626,19
1185692,1
1185761,1
1185776,9
1185780,5
1185871,1
1185921,1
1185932,1
1185959,2
1185994,20
1186111,1
1186143,1
1186158,1
1186172,1
1186232,1
1186305,1
1186321,1
1186340,1
1186345,1
1186370,1
1186391,1
1186433,1
1186499,1
1186502,1
1186505,1
1186531,37
1186536,1
1186591,1
1186607,13
1186668,1
1186670,1
1186688,2
1186739,1
1186760,15
1186762,2
1186774,53
1186787,3
1186789,1
1186816,1
1186830,17
1186842,2
1186847,1
1186850,27
1186864,1
1186922,1
1186934,19
1186939,1
1186991,1
1186994,1
1186999,2
1187017,1
1187047,1
1187091,11
1187155,1
1187162,1
1187205,5
1187219,1
1187244,12
1187339,1
1187421,1
1187566,1
1187664,1
1187697,1
1187698,1
1187715,3
1187784,7
1187806,14
1187858,2
1187874,1
1187876,1
1187892,1
1187938,1
1187940,91
1187941,2
1187942,3
1187960,1
1187961,1
1187979,1
1188009,1
1188014,1
1188026,4
1188042,1
1188069,2
1188107,1
1188158,1
1188159,1
1188165,2
1188295,1
1188418,1
1188475,1
1188478,1
1188503,1
1188556,1
1188642,1
1188696,1
1188823,2
1188944,1
1188976,1
1188977,18
1188992,1
1188996,1
1189097,1
1189120,1
1189255,1
1189292,1
1189313,6
1189556,1
1189680,17
1189687,1
1189862,1
1189894,1
1189986,3
1190051,1
1190095,1
1190162,16
1190184,1
1190273,1
1190278,1
1190408,1
1190413,1
1190527,2
1190621,1
1190650,46
1190665,1
1190704,2
1190747,1
1190771,15
1190778,1
1190789,1
1190802,1
1190817,1
1190819,21
1190844,3
1190889,1
1190897,12
1190898,1
1191125,19
1191143,1
1191167,1
1191261,11
1191274,1
1191411,1
1191427,1
1191619,4
1191721,1
1191724,2
1191740,4
1191744,40
1191745,1
1191768,278
1191827,1
1191885,1
1191908,1
1191926,1
1192068,1
1192217,1
1192244,1
1192255,1
1192274,2
1192353,1
1192376,1
1192459,1
1192489,1
1192624,1
1192709,1
1192921,1
1192968,1
1193056,5
1193195,1
1193266,1
1193383,1
1193429,1
1193442,1
1193461,1
1193470,2
1193472,26
1193510,1
1193549,1
1193596,1
1193637,3
1193639,22
1193649,2
1193841,1
1193843,9
1193855,1
1193921,1
1193956,1
1193985,1
1194012,1
1194062,3
1194157,1
1194173,1
1194232,1
1194287,1
1194387,1
1194434,1
1194487,1
1194894,1
1194895,20
1195067,1
1195224,1
1195265,1
1195286,1
1195296,4
1195401,1
1195432,1
1195438,2
1195653,1
1195699,1
1195772,1
1195789,1
1195791,1
1195808,1
1195843,4
1195862,1
1195905,1
1195915,67
1196063,2
1196065,3
1196066,75
1196126,2
1196150,25
1196198,4
1196278,1
1196306,1
1196317,1
1196544,1
1196845,1
1196904,1
1197176,1
1197277,1
1197283,1
1197335,45
1197381,1
1197419,13
1197433,1
1197451,1
1197463,3
1197464,3
1197465,7
1197543,22
1197713,1
1197782,3
1197842,1
1197921,13
1198091,1
1198912,1
1199093,1
1199105,1
1199225,1
1199243,2
1199594,2
1199595,1
1199596,31
1199597,1
1199760,11
1199858,1
1199921,12
1200192,1
1200456,1
1200555,1
1200913,1
1201166,1
1201462,1
1201463,1
1201660,131
1201837,1
1201918,1
1202039,11
1202117,1
1202137,1
1202149,2
1202150,14
1202155,1
1202162,11
1202342,1
1202466,1
1202484,5
1202491,1
1202788,1
1202789,1
1202797,22
1202852,5
1202877,1
1203005,1
1203483,1
1203824,1
1204126,6
1204456,1
1204480,1
1821673,1
1823694,1
1829837,1
1830261,1
1830462,1
1837626,1
1837918,1
1839759,1
1841369,1
1842043,7
1842177,1
1843507,1
1843991,22
1844079,9
1846569,1
1846738,2
1846835,1
1846986,10
1847130,1
1847230,1
1847445,4
1849507,1
1849645,1
1849924,4
1850560,1
1850607,2
1853078,1
1853458,1
1853528,3
1854109,2
1855334,1
1856592,1
1858271,13
1858541,1
1859867,1
1860003,1
1862793,1
1863111,3
1863999,1
1864700,1
1865164,1
1865290,2
1865456,1
1866253,1
1867571,1
1867583,1
1867586,1
1867661,124
1867666,1
1868330,1
1868582,1
1868643,1
1869391,1
1869525,1
1870103,14
1870901,1
1871527,1
1871544,6
1872195,1
1872252,1
1872980,1
1873053,7
1873263,4
1873607,1
1873730,1
1874541,2
1875079,1
1876156,1
1876162,3
1877310,3
1877578,1
1878832,2
1879063,9
1880143,1
1880586,3
1881594,1
1882946,1
1886529,1
1886914,3
1886973,2
1887591,1
1888307,1
1888655,2
1888887,2
1889112,3
1889195,1
1889693,3
1890583,1
1891233,1
1891399,4
1894302,3
1894402,4
1894479,1
1894658,1
1894688,1
1894997,1
1895903,2
1896292,2
1896313,1
1896353,1
1897499,1
1898416,2
1898664,1
1898747,2
1899203,5
1899538,3
1900032,1
1900111,1
1900294,2
1900346,2
1900654,1
1900809,2
1900839,1
1901134,1
1901291,2
1901392,1
1901415,1
1901535,1
1901725,2
1901765,8
1901792,2
1901865,11
1902373,1
1902610,1
1902638,1
1903096,17
1903444,1
1903577,1
1903796,1
1903908,8
1904430,1
1904491,1
1904749,2
1904791,1
1904852,1
1906275,1
1906767,1
1906785,2
1907210,2
1907332,1
1907537,1
1907637,1
1907776,1
1907781,5
1908197,1
1908904,1
1910048,1
1910166,1
1910249,3
1910289,2
1910293,1
1910319,1
1910761,1
1910796,2
1910844,3
1910877,1
1910942,2
1910955,36
1912208,1
1914311,1
1914883,1
1914908,2
1915206,3
1915207,1
1915486,2
1915639,25
1915765,3
1916085,13
1916703,4
1917112,1
1917502,20
1917862,1
1918728,1
1918833,1
1919138,8
1919519,1
1919994,8
1920040,1
1920428,1
1920868,2
1920871,9
1921167,4
1921197,1
1921228,1
1921487,1
1921515,1
1921533,16
1922661,1
1922996,1
1923081,1
1923829,1
1923911,1
1924580,1
1924987,2
1926074,1
1926076,3
1927337,8
1928240,16
1928434,1
1928459,1
1928661,6
1928708,1
1929081,1
1929680,1
1929721,1
1929743,1
1930643,3
1932219,2
1933173,3
1933517,3
1934118,1
1934146,1
1934241,20
1934551,1
1935161,1
1935229,2
1935650,2
1935662,1
1935880,1
1935910,1
1935924,125
1936093,59
1936103,5
1936114,1
1936336,6
1936443,10
1936578,4
1936729,28
1936884,1
1937185,4
1937595,2
1938459,23
1939449,1
1939586,1
1940460,3
1941060,131
1941061,1
1941092,5
1942325,1
1942727,1
1942733,1
1946646,1
1948277,1
